source,sphere,scenario,year,ktne
Біопаливо та відходи,промисловість,Базовий,2012,46.0
Біопаливо та відходи,промисловість,Базовий,2015,86.0
Біопаливо та відходи,промисловість,Базовий,2020,90.0
Біопаливо та відходи,промисловість,Базовий,2025,110.0
Біопаливо та відходи,промисловість,Базовий,2030,130.0
Біопаливо та відходи,промисловість,Базовий,2035,159.0
Біопаливо та відходи,промисловість,Базовий,2040,181.0
Біопаливо та відходи,промисловість,Базовий,2045,201.0
Біопаливо та відходи,промисловість,Базовий,2050,219.0
Теплова енергія з ВДЕ,промисловість,Базовий,2012,5.0
Теплова енергія з ВДЕ,промисловість,Базовий,2015,10.0
Теплова енергія з ВДЕ,промисловість,Базовий,2020,38.0
Теплова енергія з ВДЕ,промисловість,Базовий,2025,42.0
Теплова енергія з ВДЕ,промисловість,Базовий,2030,48.0
Теплова енергія з ВДЕ,промисловість,Базовий,2035,57.0
Теплова енергія з ВДЕ,промисловість,Базовий,2040,60.0
Теплова енергія з ВДЕ,промисловість,Базовий,2045,68.0
Теплова енергія з ВДЕ,промисловість,Базовий,2050,76.0
Електроенергія з ВДЕ,промисловість,Базовий,2012,325.0
Електроенергія з ВДЕ,промисловість,Базовий,2015,232.0
Електроенергія з ВДЕ,промисловість,Базовий,2020,433.0
Електроенергія з ВДЕ,промисловість,Базовий,2025,585.0
Електроенергія з ВДЕ,промисловість,Базовий,2030,680.0
Електроенергія з ВДЕ,промисловість,Базовий,2035,727.0
Електроенергія з ВДЕ,промисловість,Базовий,2040,732.0
Електроенергія з ВДЕ,промисловість,Базовий,2045,737.0
Електроенергія з ВДЕ,промисловість,Базовий,2050,748.0
Вугілля,промисловість,Базовий,2012,8310.0
Вугілля,промисловість,Базовий,2015,5569.0
Вугілля,промисловість,Базовий,2020,5515.0
Вугілля,промисловість,Базовий,2025,6915.0
Вугілля,промисловість,Базовий,2030,7893.0
Вугілля,промисловість,Базовий,2035,9107.0
Вугілля,промисловість,Базовий,2040,10149.0
Вугілля,промисловість,Базовий,2045,11032.0
Вугілля,промисловість,Базовий,2050,11761.0
Електроенергія,промисловість,Базовий,2012,5102.0
Електроенергія,промисловість,Базовий,2015,4065.0
Електроенергія,промисловість,Базовий,2020,5484.0
Електроенергія,промисловість,Базовий,2025,7026.0
Електроенергія,промисловість,Базовий,2030,8171.0
Електроенергія,промисловість,Базовий,2035,9392.0
Електроенергія,промисловість,Базовий,2040,10242.0
Електроенергія,промисловість,Базовий,2045,10642.0
Електроенергія,промисловість,Базовий,2050,10739.0
Газ,промисловість,Базовий,2012,5272.0
Газ,промисловість,Базовий,2015,2762.0
Газ,промисловість,Базовий,2020,2188.0
Газ,промисловість,Базовий,2025,2539.0
Газ,промисловість,Базовий,2030,2809.0
Газ,промисловість,Базовий,2035,3137.0
Газ,промисловість,Базовий,2040,3356.0
Газ,промисловість,Базовий,2045,3559.0
Газ,промисловість,Базовий,2050,3743.0
Теплова енергія,промисловість,Базовий,2012,4538.0
Теплова енергія,промисловість,Базовий,2015,2870.0
Теплова енергія,промисловість,Базовий,2020,3408.0
Теплова енергія,промисловість,Базовий,2025,3464.0
Теплова енергія,промисловість,Базовий,2030,3651.0
Теплова енергія,промисловість,Базовий,2035,3906.0
Теплова енергія,промисловість,Базовий,2040,3966.0
Теплова енергія,промисловість,Базовий,2045,4091.0
Теплова енергія,промисловість,Базовий,2050,4254.0
Нафта та нафтопродукти,промисловість,Базовий,2012,1246.0
Нафта та нафтопродукти,промисловість,Базовий,2015,814.0
Нафта та нафтопродукти,промисловість,Базовий,2020,1055.0
Нафта та нафтопродукти,промисловість,Базовий,2025,1115.0
Нафта та нафтопродукти,промисловість,Базовий,2030,1156.0
Нафта та нафтопродукти,промисловість,Базовий,2035,1200.0
Нафта та нафтопродукти,промисловість,Базовий,2040,1197.0
Нафта та нафтопродукти,промисловість,Базовий,2045,1203.0
Нафта та нафтопродукти,промисловість,Базовий,2050,1216.0
Біопаливо та відходи,населення,Базовий,2012,936.0
Біопаливо та відходи,населення,Базовий,2015,1097.0
Біопаливо та відходи,населення,Базовий,2020,413.0
Біопаливо та відходи,населення,Базовий,2025,332.0
Біопаливо та відходи,населення,Базовий,2030,234.0
Біопаливо та відходи,населення,Базовий,2035,137.0
Біопаливо та відходи,населення,Базовий,2040,39.0
Біопаливо та відходи,населення,Базовий,2045,0.0
Біопаливо та відходи,населення,Базовий,2050,0.0
Теплова енергія з ВДЕ,населення,Базовий,2012,5.0
Теплова енергія з ВДЕ,населення,Базовий,2015,10.0
Теплова енергія з ВДЕ,населення,Базовий,2020,46.0
Теплова енергія з ВДЕ,населення,Базовий,2025,51.0
Теплова енергія з ВДЕ,населення,Базовий,2030,57.0
Теплова енергія з ВДЕ,населення,Базовий,2035,65.0
Теплова енергія з ВДЕ,населення,Базовий,2040,71.0
Теплова енергія з ВДЕ,населення,Базовий,2045,81.0
Теплова енергія з ВДЕ,населення,Базовий,2050,90.0
Електроенергія з ВДЕ,населення,Базовий,2012,198.0
Електроенергія з ВДЕ,населення,Базовий,2015,172.0
Електроенергія з ВДЕ,населення,Базовий,2020,258.0
Електроенергія з ВДЕ,населення,Базовий,2025,280.0
Електроенергія з ВДЕ,населення,Базовий,2030,288.0
Електроенергія з ВДЕ,населення,Базовий,2035,277.0
Електроенергія з ВДЕ,населення,Базовий,2040,265.0
Електроенергія з ВДЕ,населення,Базовий,2045,265.0
Електроенергія з ВДЕ,населення,Базовий,2050,276.0
Вугілля,населення,Базовий,2012,715.0
Вугілля,населення,Базовий,2015,303.0
Вугілля,населення,Базовий,2020,631.0
Вугілля,населення,Базовий,2025,566.0
Вугілля,населення,Базовий,2030,510.0
Вугілля,населення,Базовий,2035,418.0
Вугілля,населення,Базовий,2040,324.0
Вугілля,населення,Базовий,2045,234.0
Вугілля,населення,Базовий,2050,144.0
Електроенергія,населення,Базовий,2012,3105.0
Електроенергія,населення,Базовий,2015,3012.0
Електроенергія,населення,Базовий,2020,3271.0
Електроенергія,населення,Базовий,2025,3360.0
Електроенергія,населення,Базовий,2030,3464.0
Електроенергія,населення,Базовий,2035,3577.0
Електроенергія,населення,Базовий,2040,3702.0
Електроенергія,населення,Базовий,2045,3828.0
Електроенергія,населення,Базовий,2050,3959.0
Газ,населення,Базовий,2012,13760.0
Газ,населення,Базовий,2015,9083.0
Газ,населення,Базовий,2020,11658.0
Газ,населення,Базовий,2025,12289.0
Газ,населення,Базовий,2030,12627.0
Газ,населення,Базовий,2035,13172.0
Газ,населення,Базовий,2040,13736.0
Газ,населення,Базовий,2045,14281.0
Газ,населення,Базовий,2050,14357.0
Теплова енергія,населення,Базовий,2012,4677.0
Теплова енергія,населення,Базовий,2015,2864.0
Теплова енергія,населення,Базовий,2020,4044.0
Теплова енергія,населення,Базовий,2025,4191.0
Теплова енергія,населення,Базовий,2030,4301.0
Теплова енергія,населення,Базовий,2035,4485.0
Теплова енергія,населення,Базовий,2040,4680.0
Теплова енергія,населення,Базовий,2045,4880.0
Теплова енергія,населення,Базовий,2050,5091.0
Нафта та нафтопродукти,населення,Базовий,2012,71.0
Нафта та нафтопродукти,населення,Базовий,2015,14.0
Нафта та нафтопродукти,населення,Базовий,2020,69.0
Нафта та нафтопродукти,населення,Базовий,2025,0.0
Нафта та нафтопродукти,населення,Базовий,2030,0.0
Нафта та нафтопродукти,населення,Базовий,2035,0.0
Нафта та нафтопродукти,населення,Базовий,2040,0.0
Нафта та нафтопродукти,населення,Базовий,2045,0.0
Нафта та нафтопродукти,населення,Базовий,2050,148.0
Біопаливо та відходи,транспорт,Базовий,2012,0.0
Біопаливо та відходи,транспорт,Базовий,2015,34.0
Біопаливо та відходи,транспорт,Базовий,2020,358.0
Біопаливо та відходи,транспорт,Базовий,2025,511.0
Біопаливо та відходи,транспорт,Базовий,2030,513.0
Біопаливо та відходи,транспорт,Базовий,2035,642.0
Біопаливо та відходи,транспорт,Базовий,2040,949.0
Біопаливо та відходи,транспорт,Базовий,2045,1416.0
Біопаливо та відходи,транспорт,Базовий,2050,1888.0
Електроенергія з ВДЕ,транспорт,Базовий,2012,48.0
Електроенергія з ВДЕ,транспорт,Базовий,2015,32.0
Електроенергія з ВДЕ,транспорт,Базовий,2020,55.0
Електроенергія з ВДЕ,транспорт,Базовий,2025,63.0
Електроенергія з ВДЕ,транспорт,Базовий,2030,66.0
Електроенергія з ВДЕ,транспорт,Базовий,2035,66.0
Електроенергія з ВДЕ,транспорт,Базовий,2040,66.0
Електроенергія з ВДЕ,транспорт,Базовий,2045,66.0
Електроенергія з ВДЕ,транспорт,Базовий,2050,71.0
Вугілля,транспорт,Базовий,2012,12.0
Вугілля,транспорт,Базовий,2015,4.0
Вугілля,транспорт,Базовий,2020,11.0
Вугілля,транспорт,Базовий,2025,11.0
Вугілля,транспорт,Базовий,2030,12.0
Вугілля,транспорт,Базовий,2035,12.0
Вугілля,транспорт,Базовий,2040,12.0
Вугілля,транспорт,Базовий,2045,12.0
Вугілля,транспорт,Базовий,2050,12.0
Електроенергія,транспорт,Базовий,2012,750.0
Електроенергія,транспорт,Базовий,2015,553.0
Електроенергія,транспорт,Базовий,2020,695.0
Електроенергія,транспорт,Базовий,2025,753.0
Електроенергія,транспорт,Базовий,2030,790.0
Електроенергія,транспорт,Базовий,2035,854.0
Електроенергія,транспорт,Базовий,2040,922.0
Електроенергія,транспорт,Базовий,2045,960.0
Електроенергія,транспорт,Базовий,2050,1020.0
Газ,транспорт,Базовий,2012,2050.0
Газ,транспорт,Базовий,2015,1572.0
Газ,транспорт,Базовий,2020,1364.0
Газ,транспорт,Базовий,2025,1223.0
Газ,транспорт,Базовий,2030,1137.0
Газ,транспорт,Базовий,2035,1210.0
Газ,транспорт,Базовий,2040,1345.0
Газ,транспорт,Базовий,2045,1356.0
Газ,транспорт,Базовий,2050,1361.0
Нафта та нафтопродукти,транспорт,Базовий,2012,8588.0
Нафта та нафтопродукти,транспорт,Базовий,2015,6554.0
Нафта та нафтопродукти,транспорт,Базовий,2020,8481.0
Нафта та нафтопродукти,транспорт,Базовий,2025,9414.0
Нафта та нафтопродукти,транспорт,Базовий,2030,10321.0
Нафта та нафтопродукти,транспорт,Базовий,2035,11109.0
Нафта та нафтопродукти,транспорт,Базовий,2040,11697.0
Нафта та нафтопродукти,транспорт,Базовий,2045,12136.0
Нафта та нафтопродукти,транспорт,Базовий,2050,12357.0
Біопаливо та відходи,сфера послуг,Базовий,2012,27.0
Біопаливо та відходи,сфера послуг,Базовий,2015,46.0
Біопаливо та відходи,сфера послуг,Базовий,2020,543.0
Біопаливо та відходи,сфера послуг,Базовий,2025,627.0
Біопаливо та відходи,сфера послуг,Базовий,2030,592.0
Біопаливо та відходи,сфера послуг,Базовий,2035,769.0
Біопаливо та відходи,сфера послуг,Базовий,2040,833.0
Біопаливо та відходи,сфера послуг,Базовий,2045,877.0
Біопаливо та відходи,сфера послуг,Базовий,2050,901.0
Теплова енергія з ВДЕ,сфера послуг,Базовий,2012,2.0
Теплова енергія з ВДЕ,сфера послуг,Базовий,2015,5.0
Теплова енергія з ВДЕ,сфера послуг,Базовий,2020,27.0
Теплова енергія з ВДЕ,сфера послуг,Базовий,2025,32.0
Теплова енергія з ВДЕ,сфера послуг,Базовий,2030,37.0
Теплова енергія з ВДЕ,сфера послуг,Базовий,2035,42.0
Теплова енергія з ВДЕ,сфера послуг,Базовий,2040,46.0
Теплова енергія з ВДЕ,сфера послуг,Базовий,2045,53.0
Теплова енергія з ВДЕ,сфера послуг,Базовий,2050,58.0
Електроенергія з ВДЕ,сфера послуг,Базовий,2012,118.0
Електроенергія з ВДЕ,сфера послуг,Базовий,2015,101.0
Електроенергія з ВДЕ,сфера послуг,Базовий,2020,158.0
Електроенергія з ВДЕ,сфера послуг,Базовий,2025,180.0
Електроенергія з ВДЕ,сфера послуг,Базовий,2030,193.0
Електроенергія з ВДЕ,сфера послуг,Базовий,2035,192.0
Електроенергія з ВДЕ,сфера послуг,Базовий,2040,186.0
Електроенергія з ВДЕ,сфера послуг,Базовий,2045,188.0
Електроенергія з ВДЕ,сфера послуг,Базовий,2050,195.0
Вугілля,сфера послуг,Базовий,2012,161.0
Вугілля,сфера послуг,Базовий,2015,67.0
Вугілля,сфера послуг,Базовий,2020,164.0
Вугілля,сфера послуг,Базовий,2025,150.0
Вугілля,сфера послуг,Базовий,2030,136.0
Вугілля,сфера послуг,Базовий,2035,119.0
Вугілля,сфера послуг,Базовий,2040,99.0
Вугілля,сфера послуг,Базовий,2045,94.0
Вугілля,сфера послуг,Базовий,2050,96.0
Газ,сфера послуг,Базовий,2012,463.0
Газ,сфера послуг,Базовий,2015,195.0
Газ,сфера послуг,Базовий,2020,663.0
Газ,сфера послуг,Базовий,2025,733.0
Газ,сфера послуг,Базовий,2030,791.0
Газ,сфера послуг,Базовий,2035,841.0
Газ,сфера послуг,Базовий,2040,883.0
Газ,сфера послуг,Базовий,2045,918.0
Газ,сфера послуг,Базовий,2050,941.0
Нафта та нафтопродукти,сфера послуг,Базовий,2012,78.0
Нафта та нафтопродукти,сфера послуг,Базовий,2015,92.0
Нафта та нафтопродукти,сфера послуг,Базовий,2020,62.0
Нафта та нафтопродукти,сфера послуг,Базовий,2025,72.0
Нафта та нафтопродукти,сфера послуг,Базовий,2030,57.0
Нафта та нафтопродукти,сфера послуг,Базовий,2035,89.0
Нафта та нафтопродукти,сфера послуг,Базовий,2040,63.0
Нафта та нафтопродукти,сфера послуг,Базовий,2045,48.0
Нафта та нафтопродукти,сфера послуг,Базовий,2050,49.0
Теплова енергія,сфера послуг,Базовий,2012,2326.0
Теплова енергія,сфера послуг,Базовий,2015,1555.0
Теплова енергія,сфера послуг,Базовий,2020,2370.0
Теплова енергія,сфера послуг,Базовий,2025,2580.0
Теплова енергія,сфера послуг,Базовий,2030,2798.0
Теплова енергія,сфера послуг,Базовий,2035,2903.0
Теплова енергія,сфера послуг,Базовий,2040,3045.0
Теплова енергія,сфера послуг,Базовий,2045,3163.0
Теплова енергія,сфера послуг,Базовий,2050,3242.0
Електроенергія,сфера послуг,Базовий,2012,1862.0
Електроенергія,сфера послуг,Базовий,2015,1777.0
Електроенергія,сфера послуг,Базовий,2020,2000.0
Електроенергія,сфера послуг,Базовий,2025,2166.0
Електроенергія,сфера послуг,Базовий,2030,2313.0
Електроенергія,сфера послуг,Базовий,2035,2475.0
Електроенергія,сфера послуг,Базовий,2040,2607.0
Електроенергія,сфера послуг,Базовий,2045,2714.0
Електроенергія,сфера послуг,Базовий,2050,2801.0
Біопаливо та відходи,сільське господарство,Базовий,2012,20.0
Біопаливо та відходи,сільське господарство,Базовий,2015,19.0
Біопаливо та відходи,сільське господарство,Базовий,2020,24.0
Біопаливо та відходи,сільське господарство,Базовий,2025,26.0
Біопаливо та відходи,сільське господарство,Базовий,2030,28.0
Біопаливо та відходи,сільське господарство,Базовий,2035,29.0
Біопаливо та відходи,сільське господарство,Базовий,2040,30.0
Біопаливо та відходи,сільське господарство,Базовий,2045,31.0
Біопаливо та відходи,сільське господарство,Базовий,2050,31.0
Теплова енергія з ВДЕ,сільське господарство,Базовий,2012,0.0
Теплова енергія з ВДЕ,сільське господарство,Базовий,2015,1.0
Теплова енергія з ВДЕ,сільське господарство,Базовий,2020,4.0
Теплова енергія з ВДЕ,сільське господарство,Базовий,2025,4.0
Теплова енергія з ВДЕ,сільське господарство,Базовий,2030,5.0
Теплова енергія з ВДЕ,сільське господарство,Базовий,2035,6.0
Теплова енергія з ВДЕ,сільське господарство,Базовий,2040,7.0
Теплова енергія з ВДЕ,сільське господарство,Базовий,2045,7.0
Теплова енергія з ВДЕ,сільське господарство,Базовий,2050,8.0
Електроенергія з ВДЕ,сільське господарство,Базовий,2012,20.0
Електроенергія з ВДЕ,сільське господарство,Базовий,2015,16.0
Електроенергія з ВДЕ,сільське господарство,Базовий,2020,25.0
Електроенергія з ВДЕ,сільське господарство,Базовий,2025,29.0
Електроенергія з ВДЕ,сільське господарство,Базовий,2030,31.0
Електроенергія з ВДЕ,сільське господарство,Базовий,2035,31.0
Електроенергія з ВДЕ,сільське господарство,Базовий,2040,30.0
Електроенергія з ВДЕ,сільське господарство,Базовий,2045,30.0
Електроенергія з ВДЕ,сільське господарство,Базовий,2050,31.0
Вугілля,сільське господарство,Базовий,2012,14.0
Вугілля,сільське господарство,Базовий,2015,9.0
Вугілля,сільське господарство,Базовий,2020,14.0
Вугілля,сільське господарство,Базовий,2025,16.0
Вугілля,сільське господарство,Базовий,2030,17.0
Вугілля,сільське господарство,Базовий,2035,18.0
Вугілля,сільське господарство,Базовий,2040,19.0
Вугілля,сільське господарство,Базовий,2045,20.0
Вугілля,сільське господарство,Базовий,2050,20.0
Електроенергія,сільське господарство,Базовий,2012,312.0
Електроенергія,сільське господарство,Базовий,2015,289.0
Електроенергія,сільське господарство,Базовий,2020,343.0
Електроенергія,сільське господарство,Базовий,2025,377.0
Електроенергія,сільське господарство,Базовий,2030,406.0
Електроенергія,сільське господарство,Базовий,2035,430.0
Електроенергія,сільське господарство,Базовий,2040,448.0
Електроенергія,сільське господарство,Базовий,2045,461.0
Електроенергія,сільське господарство,Базовий,2050,472.0
Газ,сільське господарство,Базовий,2012,153.0
Газ,сільське господарство,Базовий,2015,129.0
Газ,сільське господарство,Базовий,2020,125.0
Газ,сільське господарство,Базовий,2025,138.0
Газ,сільське господарство,Базовий,2030,149.0
Газ,сільське господарство,Базовий,2035,158.0
Газ,сільське господарство,Базовий,2040,166.0
Газ,сільське господарство,Базовий,2045,171.0
Газ,сільське господарство,Базовий,2050,176.0
Теплова енергія,сільське господарство,Базовий,2012,312.0
Теплова енергія,сільське господарство,Базовий,2015,211.0
Теплова енергія,сільське господарство,Базовий,2020,327.0
Теплова енергія,сільське господарство,Базовий,2025,358.0
Теплова енергія,сільське господарство,Базовий,2030,388.0
Теплова енергія,сільське господарство,Базовий,2035,413.0
Теплова енергія,сільське господарство,Базовий,2040,433.0
Теплова енергія,сільське господарство,Базовий,2045,449.0
Теплова енергія,сільське господарство,Базовий,2050,463.0
Нафта та нафтопродукти,сільське господарство,Базовий,2012,1364.0
Нафта та нафтопродукти,сільське господарство,Базовий,2015,1302.0
Нафта та нафтопродукти,сільське господарство,Базовий,2020,1408.0
Нафта та нафтопродукти,сільське господарство,Базовий,2025,1562.0
Нафта та нафтопродукти,сільське господарство,Базовий,2030,1700.0
Нафта та нафтопродукти,сільське господарство,Базовий,2035,1844.0
Нафта та нафтопродукти,сільське господарство,Базовий,2040,1956.0
Нафта та нафтопродукти,сільське господарство,Базовий,2045,2046.0
Нафта та нафтопродукти,сільське господарство,Базовий,2050,2121.0
Біопаливо та відходи,промисловість,Ліберальний,2012,46.0
Біопаливо та відходи,промисловість,Ліберальний,2015,86.0
Біопаливо та відходи,промисловість,Ліберальний,2020,52.0
Біопаливо та відходи,промисловість,Ліберальний,2025,73.0
Біопаливо та відходи,промисловість,Ліберальний,2030,94.0
Біопаливо та відходи,промисловість,Ліберальний,2035,123.0
Біопаливо та відходи,промисловість,Ліберальний,2040,153.0
Біопаливо та відходи,промисловість,Ліберальний,2045,184.0
Біопаливо та відходи,промисловість,Ліберальний,2050,211.0
Теплова енергія з ВДЕ,промисловість,Ліберальний,2012,5.0
Теплова енергія з ВДЕ,промисловість,Ліберальний,2015,10.0
Теплова енергія з ВДЕ,промисловість,Ліберальний,2020,280.0
Теплова енергія з ВДЕ,промисловість,Ліберальний,2025,348.0
Теплова енергія з ВДЕ,промисловість,Ліберальний,2030,407.0
Теплова енергія з ВДЕ,промисловість,Ліберальний,2035,600.0
Теплова енергія з ВДЕ,промисловість,Ліберальний,2040,736.0
Теплова енергія з ВДЕ,промисловість,Ліберальний,2045,771.0
Теплова енергія з ВДЕ,промисловість,Ліберальний,2050,905.0
Електроенергія з ВДЕ,промисловість,Ліберальний,2012,325.0
Електроенергія з ВДЕ,промисловість,Ліберальний,2015,232.0
Електроенергія з ВДЕ,промисловість,Ліберальний,2020,856.0
Електроенергія з ВДЕ,промисловість,Ліберальний,2025,1335.0
Електроенергія з ВДЕ,промисловість,Ліберальний,2030,1766.0
Електроенергія з ВДЕ,промисловість,Ліберальний,2035,2325.0
Електроенергія з ВДЕ,промисловість,Ліберальний,2040,2848.0
Електроенергія з ВДЕ,промисловість,Ліберальний,2045,3246.0
Електроенергія з ВДЕ,промисловість,Ліберальний,2050,3651.0
Вугілля,промисловість,Ліберальний,2012,8310.0
Вугілля,промисловість,Ліберальний,2015,5569.0
Вугілля,промисловість,Ліберальний,2020,5445.0
Вугілля,промисловість,Ліберальний,2025,6670.0
Вугілля,промисловість,Ліберальний,2030,7371.0
Вугілля,промисловість,Ліберальний,2035,8307.0
Вугілля,промисловість,Ліберальний,2040,9170.0
Вугілля,промисловість,Ліберальний,2045,9934.0
Вугілля,промисловість,Ліберальний,2050,10558.0
Електроенергія,промисловість,Ліберальний,2012,5102.0
Електроенергія,промисловість,Ліберальний,2015,4065.0
Електроенергія,промисловість,Ліберальний,2020,4982.0
Електроенергія,промисловість,Ліберальний,2025,5065.0
Електроенергія,промисловість,Ліберальний,2030,4618.0
Електроенергія,промисловість,Ліберальний,2035,4786.0
Електроенергія,промисловість,Ліберальний,2040,4849.0
Електроенергія,промисловість,Ліберальний,2045,4696.0
Електроенергія,промисловість,Ліберальний,2050,4514.0
Газ,промисловість,Ліберальний,2012,5272.0
Газ,промисловість,Ліберальний,2015,2762.0
Газ,промисловість,Ліберальний,2020,2151.0
Газ,промисловість,Ліберальний,2025,2381.0
Газ,промисловість,Ліберальний,2030,2371.0
Газ,промисловість,Ліберальний,2035,2417.0
Газ,промисловість,Ліберальний,2040,2432.0
Газ,промисловість,Ліберальний,2045,2474.0
Газ,промисловість,Ліберальний,2050,2467.0
Теплова енергія,промисловість,Ліберальний,2012,4538.0
Теплова енергія,промисловість,Ліберальний,2015,2870.0
Теплова енергія,промисловість,Ліберальний,2020,3168.0
Теплова енергія,промисловість,Ліберальний,2025,3168.0
Теплова енергія,промисловість,Ліберальний,2030,3027.0
Теплова енергія,промисловість,Ліберальний,2035,2845.0
Теплова енергія,промисловість,Ліберальний,2040,2571.0
Теплова енергія,промисловість,Ліберальний,2045,2441.0
Теплова енергія,промисловість,Ліберальний,2050,2139.0
Нафта та нафтопродукти,промисловість,Ліберальний,2012,1246.0
Нафта та нафтопродукти,промисловість,Ліберальний,2015,814.0
Нафта та нафтопродукти,промисловість,Ліберальний,2020,1058.0
Нафта та нафтопродукти,промисловість,Ліберальний,2025,1132.0
Нафта та нафтопродукти,промисловість,Ліберальний,2030,1142.0
Нафта та нафтопродукти,промисловість,Ліберальний,2035,1176.0
Нафта та нафтопродукти,промисловість,Ліберальний,2040,1182.0
Нафта та нафтопродукти,промисловість,Ліберальний,2045,1352.0
Нафта та нафтопродукти,промисловість,Ліберальний,2050,1322.0
Біопаливо та відходи,населення,Ліберальний,2012,936.0
Біопаливо та відходи,населення,Ліберальний,2015,1097.0
Біопаливо та відходи,населення,Ліберальний,2020,430.0
Біопаливо та відходи,населення,Ліберальний,2025,319.0
Біопаливо та відходи,населення,Ліберальний,2030,225.0
Біопаливо та відходи,населення,Ліберальний,2035,137.0
Біопаливо та відходи,населення,Ліберальний,2040,39.0
Біопаливо та відходи,населення,Ліберальний,2045,0.0
Біопаливо та відходи,населення,Ліберальний,2050,0.0
Сонячна енергія,населення,Ліберальний,2012,0.0
Сонячна енергія,населення,Ліберальний,2015,0.0
Сонячна енергія,населення,Ліберальний,2020,0.0
Сонячна енергія,населення,Ліберальний,2025,0.0
Сонячна енергія,населення,Ліберальний,2030,0.0
Сонячна енергія,населення,Ліберальний,2035,170.0
Сонячна енергія,населення,Ліберальний,2040,1091.0
Сонячна енергія,населення,Ліберальний,2045,2426.0
Сонячна енергія,населення,Ліберальний,2050,3713.0
Теплова енергія з ВДЕ,населення,Ліберальний,2012,5.0
Теплова енергія з ВДЕ,населення,Ліберальний,2015,10.0
Теплова енергія з ВДЕ,населення,Ліберальний,2020,317.0
Теплова енергія з ВДЕ,населення,Ліберальний,2025,346.0
Теплова енергія з ВДЕ,населення,Ліберальний,2030,361.0
Теплова енергія з ВДЕ,населення,Ліберальний,2035,433.0
Теплова енергія з ВДЕ,населення,Ліберальний,2040,423.0
Теплова енергія з ВДЕ,населення,Ліберальний,2045,387.0
Теплова енергія з ВДЕ,населення,Ліберальний,2050,406.0
Електроенергія з ВДЕ,населення,Ліберальний,2012,198.0
Електроенергія з ВДЕ,населення,Ліберальний,2015,172.0
Електроенергія з ВДЕ,населення,Ліберальний,2020,462.0
Електроенергія з ВДЕ,населення,Ліберальний,2025,619.0
Електроенергія з ВДЕ,населення,Ліберальний,2030,812.0
Електроенергія з ВДЕ,населення,Ліберальний,2035,1032.0
Електроенергія з ВДЕ,населення,Ліберальний,2040,1244.0
Електроенергія з ВДЕ,населення,Ліберальний,2045,1465.0
Електроенергія з ВДЕ,населення,Ліберальний,2050,1705.0
Вугілля,населення,Ліберальний,2012,715.0
Вугілля,населення,Ліберальний,2015,303.0
Вугілля,населення,Ліберальний,2020,646.0
Вугілля,населення,Ліберальний,2025,566.0
Вугілля,населення,Ліберальний,2030,510.0
Вугілля,населення,Ліберальний,2035,418.0
Вугілля,населення,Ліберальний,2040,324.0
Вугілля,населення,Ліберальний,2045,195.0
Вугілля,населення,Ліберальний,2050,16.0
Електроенергія,населення,Ліберальний,2012,3105.0
Електроенергія,населення,Ліберальний,2015,3012.0
Електроенергія,населення,Ліберальний,2020,2690.0
Електроенергія,населення,Ліберальний,2025,2349.0
Електроенергія,населення,Ліберальний,2030,2124.0
Електроенергія,населення,Ліберальний,2035,2124.0
Електроенергія,населення,Ліберальний,2040,2117.0
Електроенергія,населення,Ліберальний,2045,2119.0
Електроенергія,населення,Ліберальний,2050,2108.0
Газ,населення,Ліберальний,2012,13760.0
Газ,населення,Ліберальний,2015,9083.0
Газ,населення,Ліберальний,2020,10419.0
Газ,населення,Ліберальний,2025,9446.0
Газ,населення,Ліберальний,2030,7823.0
Газ,населення,Ліберальний,2035,7722.0
Газ,населення,Ліберальний,2040,6794.0
Газ,населення,Ліберальний,2045,5707.0
Газ,населення,Ліберальний,2050,4934.0
Теплова енергія,населення,Ліберальний,2012,4677.0
Теплова енергія,населення,Ліберальний,2015,2864.0
Теплова енергія,населення,Ліберальний,2020,3588.0
Теплова енергія,населення,Ліберальний,2025,3146.0
Теплова енергія,населення,Ліберальний,2030,2687.0
Теплова енергія,населення,Ліберальний,2035,2056.0
Теплова енергія,населення,Ліберальний,2040,1480.0
Теплова енергія,населення,Ліберальний,2045,1224.0
Теплова енергія,населення,Ліберальний,2050,960.0
Нафта та нафтопродукти,населення,Ліберальний,2012,71.0
Нафта та нафтопродукти,населення,Ліберальний,2015,14.0
Нафта та нафтопродукти,населення,Ліберальний,2020,10.0
Нафта та нафтопродукти,населення,Ліберальний,2025,0.0
Нафта та нафтопродукти,населення,Ліберальний,2030,0.0
Нафта та нафтопродукти,населення,Ліберальний,2035,0.0
Нафта та нафтопродукти,населення,Ліберальний,2040,0.0
Нафта та нафтопродукти,населення,Ліберальний,2045,0.0
Нафта та нафтопродукти,населення,Ліберальний,2050,0.0
Біопаливо та відходи,транспорт,Ліберальний,2012,0.0
Біопаливо та відходи,транспорт,Ліберальний,2015,34.0
Біопаливо та відходи,транспорт,Ліберальний,2020,239.0
Біопаливо та відходи,транспорт,Ліберальний,2025,491.0
Біопаливо та відходи,транспорт,Ліберальний,2030,447.0
Біопаливо та відходи,транспорт,Ліберальний,2035,422.0
Біопаливо та відходи,транспорт,Ліберальний,2040,612.0
Біопаливо та відходи,транспорт,Ліберальний,2045,756.0
Біопаливо та відходи,транспорт,Ліберальний,2050,1213.0
Електроенергія з ВДЕ,транспорт,Ліберальний,2012,48.0
Електроенергія з ВДЕ,транспорт,Ліберальний,2015,32.0
Електроенергія з ВДЕ,транспорт,Ліберальний,2020,108.0
Електроенергія з ВДЕ,транспорт,Ліберальний,2025,168.0
Електроенергія з ВДЕ,транспорт,Ліберальний,2030,247.0
Електроенергія з ВДЕ,транспорт,Ліберальний,2035,380.0
Електроенергія з ВДЕ,транспорт,Ліберальний,2040,637.0
Електроенергія з ВДЕ,транспорт,Ліберальний,2045,1031.0
Електроенергія з ВДЕ,транспорт,Ліберальний,2050,1274.0
Вугілля,транспорт,Ліберальний,2012,12.0
Вугілля,транспорт,Ліберальний,2015,4.0
Вугілля,транспорт,Ліберальний,2020,11.0
Вугілля,транспорт,Ліберальний,2025,11.0
Вугілля,транспорт,Ліберальний,2030,12.0
Вугілля,транспорт,Ліберальний,2035,12.0
Вугілля,транспорт,Ліберальний,2040,12.0
Вугілля,транспорт,Ліберальний,2045,12.0
Вугілля,транспорт,Ліберальний,2050,12.0
Електроенергія,транспорт,Ліберальний,2012,750.0
Електроенергія,транспорт,Ліберальний,2015,553.0
Електроенергія,транспорт,Ліберальний,2020,630.0
Електроенергія,транспорт,Ліберальний,2025,636.0
Електроенергія,транспорт,Ліберальний,2030,645.0
Електроенергія,транспорт,Ліберальний,2035,783.0
Електроенергія,транспорт,Ліберальний,2040,1084.0
Електроенергія,транспорт,Ліберальний,2045,1492.0
Електроенергія,транспорт,Ліберальний,2050,1575.0
Газ,транспорт,Ліберальний,2012,2050.0
Газ,транспорт,Ліберальний,2015,1572.0
Газ,транспорт,Ліберальний,2020,1574.0
Газ,транспорт,Ліберальний,2025,1778.0
Газ,транспорт,Ліберальний,2030,1820.0
Газ,транспорт,Ліберальний,2035,1984.0
Газ,транспорт,Ліберальний,2040,2015.0
Газ,транспорт,Ліберальний,2045,1119.0
Газ,транспорт,Ліберальний,2050,1414.0
Нафта та нафтопродукти,транспорт,Ліберальний,2012,8588.0
Нафта та нафтопродукти,транспорт,Ліберальний,2015,6554.0
Нафта та нафтопродукти,транспорт,Ліберальний,2020,8295.0
Нафта та нафтопродукти,транспорт,Ліберальний,2025,8397.0
Нафта та нафтопродукти,транспорт,Ліберальний,2030,8947.0
Нафта та нафтопродукти,транспорт,Ліберальний,2035,9080.0
Нафта та нафтопродукти,транспорт,Ліберальний,2040,8301.0
Нафта та нафтопродукти,транспорт,Ліберальний,2045,7198.0
Нафта та нафтопродукти,транспорт,Ліберальний,2050,6343.0
Біопаливо та відходи,сфера послуг,Ліберальний,2012,27.0
Біопаливо та відходи,сфера послуг,Ліберальний,2015,46.0
Біопаливо та відходи,сфера послуг,Ліберальний,2020,311.0
Біопаливо та відходи,сфера послуг,Ліберальний,2025,152.0
Біопаливо та відходи,сфера послуг,Ліберальний,2030,66.0
Біопаливо та відходи,сфера послуг,Ліберальний,2035,82.0
Біопаливо та відходи,сфера послуг,Ліберальний,2040,78.0
Біопаливо та відходи,сфера послуг,Ліберальний,2045,78.0
Біопаливо та відходи,сфера послуг,Ліберальний,2050,79.0
Сонячна енергія,сфера послуг,Ліберальний,2012,0.0
Сонячна енергія,сфера послуг,Ліберальний,2015,0.0
Сонячна енергія,сфера послуг,Ліберальний,2020,0.0
Сонячна енергія,сфера послуг,Ліберальний,2025,0.0
Сонячна енергія,сфера послуг,Ліберальний,2030,0.0
Сонячна енергія,сфера послуг,Ліберальний,2035,109.0
Сонячна енергія,сфера послуг,Ліберальний,2040,400.0
Сонячна енергія,сфера послуг,Ліберальний,2045,988.0
Сонячна енергія,сфера послуг,Ліберальний,2050,1683.0
Теплова енергія з ВДЕ,сфера послуг,Ліберальний,2012,2.0
Теплова енергія з ВДЕ,сфера послуг,Ліберальний,2015,5.0
Теплова енергія з ВДЕ,сфера послуг,Ліберальний,2020,191.0
Теплова енергія з ВДЕ,сфера послуг,Ліберальний,2025,233.0
Теплова енергія з ВДЕ,сфера послуг,Ліберальний,2030,298.0
Теплова енергія з ВДЕ,сфера послуг,Ліберальний,2035,425.0
Теплова енергія з ВДЕ,сфера послуг,Ліберальний,2040,483.0
Теплова енергія з ВДЕ,сфера послуг,Ліберальний,2045,422.0
Теплова енергія з ВДЕ,сфера послуг,Ліберальний,2050,387.0
Електроенергія з ВДЕ,сфера послуг,Ліберальний,2012,119.0
Електроенергія з ВДЕ,сфера послуг,Ліберальний,2015,101.0
Електроенергія з ВДЕ,сфера послуг,Ліберальний,2020,264.0
Електроенергія з ВДЕ,сфера послуг,Ліберальний,2025,375.0
Електроенергія з ВДЕ,сфера послуг,Ліберальний,2030,527.0
Електроенергія з ВДЕ,сфера послуг,Ліберальний,2035,654.0
Електроенергія з ВДЕ,сфера послуг,Ліберальний,2040,769.0
Електроенергія з ВДЕ,сфера послуг,Ліберальний,2045,885.0
Електроенергія з ВДЕ,сфера послуг,Ліберальний,2050,991.0
Вугілля,сфера послуг,Ліберальний,2012,161.0
Вугілля,сфера послуг,Ліберальний,2015,67.0
Вугілля,сфера послуг,Ліберальний,2020,164.0
Вугілля,сфера послуг,Ліберальний,2025,110.0
Вугілля,сфера послуг,Ліберальний,2030,67.0
Вугілля,сфера послуг,Ліберальний,2035,100.0
Вугілля,сфера послуг,Ліберальний,2040,70.0
Вугілля,сфера послуг,Ліберальний,2045,72.0
Вугілля,сфера послуг,Ліберальний,2050,74.0
Газ,сфера послуг,Ліберальний,2012,463.0
Газ,сфера послуг,Ліберальний,2015,195.0
Газ,сфера послуг,Ліберальний,2020,556.0
Газ,сфера послуг,Ліберальний,2025,503.0
Газ,сфера послуг,Ліберальний,2030,445.0
Газ,сфера послуг,Ліберальний,2035,432.0
Газ,сфера послуг,Ліберальний,2040,527.0
Газ,сфера послуг,Ліберальний,2045,656.0
Газ,сфера послуг,Ліберальний,2050,716.0
Нафта та нафтопродукти,сфера послуг,Ліберальний,2012,78.0
Нафта та нафтопродукти,сфера послуг,Ліберальний,2015,92.0
Нафта та нафтопродукти,сфера послуг,Ліберальний,2020,63.0
Нафта та нафтопродукти,сфера послуг,Ліберальний,2025,48.0
Нафта та нафтопродукти,сфера послуг,Ліберальний,2030,21.0
Нафта та нафтопродукти,сфера послуг,Ліберальний,2035,20.0
Нафта та нафтопродукти,сфера послуг,Ліберальний,2040,21.0
Нафта та нафтопродукти,сфера послуг,Ліберальний,2045,22.0
Нафта та нафтопродукти,сфера послуг,Ліберальний,2050,23.0
Теплова енергія,сфера послуг,Ліберальний,2012,2326.0
Теплова енергія,сфера послуг,Ліберальний,2015,1555.0
Теплова енергія,сфера послуг,Ліберальний,2020,2163.0
Теплова енергія,сфера послуг,Ліберальний,2025,2120.0
Теплова енергія,сфера послуг,Ліберальний,2030,2217.0
Теплова енергія,сфера послуг,Ліберальний,2035,2014.0
Теплова енергія,сфера послуг,Ліберальний,2040,1689.0
Теплова енергія,сфера послуг,Ліберальний,2045,1337.0
Теплова енергія,сфера послуг,Ліберальний,2050,915.0
Електроенергія,сфера послуг,Ліберальний,2012,1861.0
Електроенергія,сфера послуг,Ліберальний,2015,1777.0
Електроенергія,сфера послуг,Ліберальний,2020,1536.0
Електроенергія,сфера послуг,Ліберальний,2025,1423.0
Електроенергія,сфера послуг,Ліберальний,2030,1379.0
Електроенергія,сфера послуг,Ліберальний,2035,1346.0
Електроенергія,сфера послуг,Ліберальний,2040,1310.0
Електроенергія,сфера послуг,Ліберальний,2045,1281.0
Електроенергія,сфера послуг,Ліберальний,2050,1226.0
Біопаливо та відходи,сільське господарство,Ліберальний,2012,20.0
Біопаливо та відходи,сільське господарство,Ліберальний,2015,19.0
Біопаливо та відходи,сільське господарство,Ліберальний,2020,19.0
Біопаливо та відходи,сільське господарство,Ліберальний,2025,21.0
Біопаливо та відходи,сільське господарство,Ліберальний,2030,23.0
Біопаливо та відходи,сільське господарство,Ліберальний,2035,248.0
Біопаливо та відходи,сільське господарство,Ліберальний,2040,529.0
Біопаливо та відходи,сільське господарство,Ліберальний,2045,861.0
Біопаливо та відходи,сільське господарство,Ліберальний,2050,2127.0
Теплова енергія з ВДЕ,сільське господарство,Ліберальний,2012,0.0
Теплова енергія з ВДЕ,сільське господарство,Ліберальний,2015,1.0
Теплова енергія з ВДЕ,сільське господарство,Ліберальний,2020,23.0
Теплова енергія з ВДЕ,сільське господарство,Ліберальний,2025,31.0
Теплова енергія з ВДЕ,сільське господарство,Ліберальний,2030,40.0
Теплова енергія з ВДЕ,сільське господарство,Ліберальний,2035,63.0
Теплова енергія з ВДЕ,сільське господарство,Ліберальний,2040,85.0
Теплова енергія з ВДЕ,сільське господарство,Ліберальний,2045,95.0
Теплова енергія з ВДЕ,сільське господарство,Ліберальний,2050,137.0
Електроенергія з ВДЕ,сільське господарство,Ліберальний,2012,20.0
Електроенергія з ВДЕ,сільське господарство,Ліберальний,2015,16.0
Електроенергія з ВДЕ,сільське господарство,Ліберальний,2020,42.0
Електроенергія з ВДЕ,сільське господарство,Ліберальний,2025,66.0
Електроенергія з ВДЕ,сільське господарство,Ліберальний,2030,95.0
Електроенергія з ВДЕ,сільське господарство,Ліберальний,2035,119.0
Електроенергія з ВДЕ,сільське господарство,Ліберальний,2040,140.0
Електроенергія з ВДЕ,сільське господарство,Ліберальний,2045,160.0
Електроенергія з ВДЕ,сільське господарство,Ліберальний,2050,196.0
Вугілля,сільське господарство,Ліберальний,2012,14.0
Вугілля,сільське господарство,Ліберальний,2015,9.0
Вугілля,сільське господарство,Ліберальний,2020,12.0
Вугілля,сільське господарство,Ліберальний,2025,13.0
Вугілля,сільське господарство,Ліберальний,2030,15.0
Вугілля,сільське господарство,Ліберальний,2035,13.0
Вугілля,сільське господарство,Ліберальний,2040,11.0
Вугілля,сільське господарство,Ліберальний,2045,9.0
Вугілля,сільське господарство,Ліберальний,2050,1.0
Електроенергія,сільське господарство,Ліберальний,2012,312.0
Електроенергія,сільське господарство,Ліберальний,2015,273.0
Електроенергія,сільське господарство,Ліберальний,2020,242.0
Електроенергія,сільське господарство,Ліберальний,2025,249.0
Електроенергія,сільське господарство,Ліберальний,2030,248.0
Електроенергія,сільське господарство,Ліберальний,2035,246.0
Електроенергія,сільське господарство,Ліберальний,2040,239.0
Електроенергія,сільське господарство,Ліберальний,2045,231.0
Електроенергія,сільське господарство,Ліберальний,2050,243.0
Газ,сільське господарство,Ліберальний,2012,153.0
Газ,сільське господарство,Ліберальний,2015,129.0
Газ,сільське господарство,Ліберальний,2020,104.0
Газ,сільське господарство,Ліберальний,2025,115.0
Газ,сільське господарство,Ліберальний,2030,126.0
Газ,сільське господарство,Ліберальний,2035,126.0
Газ,сільське господарство,Ліберальний,2040,119.0
Газ,сільське господарство,Ліберальний,2045,105.0
Газ,сільське господарство,Ліберальний,2050,36.0
Теплова енергія,сільське господарство,Ліберальний,2012,312.0
Теплова енергія,сільське господарство,Ліберальний,2015,211.0
Теплова енергія,сільське господарство,Ліберальний,2020,255.0
Теплова енергія,сільське господарство,Ліберальний,2025,278.0
Теплова енергія,сільське господарство,Ліберальний,2030,299.0
Теплова енергія,сільське господарство,Ліберальний,2035,301.0
Теплова енергія,сільське господарство,Ліберальний,2040,296.0
Теплова енергія,сільське господарство,Ліберальний,2045,302.0
Теплова енергія,сільське господарство,Ліберальний,2050,324.0
Нафта та нафтопродукти,сільське господарство,Ліберальний,2012,1364.0
Нафта та нафтопродукти,сільське господарство,Ліберальний,2015,1302.0
Нафта та нафтопродукти,сільське господарство,Ліберальний,2020,1194.0
Нафта та нафтопродукти,сільське господарство,Ліберальний,2025,1345.0
Нафта та нафтопродукти,сільське господарство,Ліберальний,2030,1481.0
Нафта та нафтопродукти,сільське господарство,Ліберальний,2035,1412.0
Нафта та нафтопродукти,сільське господарство,Ліберальний,2040,1245.0
Нафта та нафтопродукти,сільське господарство,Ліберальний,2045,1027.0
Нафта та нафтопродукти,сільське господарство,Ліберальний,2050,62.0
Біопаливо та відходи,промисловість,Революційний,2012,46.0
Біопаливо та відходи,промисловість,Революційний,2015,86.0
Біопаливо та відходи,промисловість,Революційний,2020,88.0
Біопаливо та відходи,промисловість,Революційний,2025,170.0
Біопаливо та відходи,промисловість,Революційний,2030,278.0
Біопаливо та відходи,промисловість,Революційний,2035,478.0
Біопаливо та відходи,промисловість,Революційний,2040,680.0
Біопаливо та відходи,промисловість,Революційний,2045,889.0
Біопаливо та відходи,промисловість,Революційний,2050,1235.0
Теплова енергія з ВДЕ,промисловість,Революційний,2012,5.0
Теплова енергія з ВДЕ,промисловість,Революційний,2015,10.0
Теплова енергія з ВДЕ,промисловість,Революційний,2020,344.0
Теплова енергія з ВДЕ,промисловість,Революційний,2025,611.0
Теплова енергія з ВДЕ,промисловість,Революційний,2030,812.0
Теплова енергія з ВДЕ,промисловість,Революційний,2035,1268.0
Теплова енергія з ВДЕ,промисловість,Революційний,2040,1693.0
Теплова енергія з ВДЕ,промисловість,Революційний,2045,1953.0
Теплова енергія з ВДЕ,промисловість,Революційний,2050,2335.0
Електроенергія з ВДЕ,промисловість,Революційний,2012,325.0
Електроенергія з ВДЕ,промисловість,Революційний,2015,232.0
Електроенергія з ВДЕ,промисловість,Революційний,2020,952.0
Електроенергія з ВДЕ,промисловість,Революційний,2025,2811.0
Електроенергія з ВДЕ,промисловість,Революційний,2030,4554.0
Електроенергія з ВДЕ,промисловість,Революційний,2035,5728.0
Електроенергія з ВДЕ,промисловість,Революційний,2040,7401.0
Електроенергія з ВДЕ,промисловість,Революційний,2045,9132.0
Електроенергія з ВДЕ,промисловість,Революційний,2050,12946.0
Вугілля,промисловість,Революційний,2012,8310.0
Вугілля,промисловість,Революційний,2015,5569.0
Вугілля,промисловість,Революційний,2020,5444.0
Вугілля,промисловість,Революційний,2025,5575.0
Вугілля,промисловість,Революційний,2030,5439.0
Вугілля,промисловість,Революційний,2035,4910.0
Вугілля,промисловість,Революційний,2040,3739.0
Вугілля,промисловість,Революційний,2045,2603.0
Вугілля,промисловість,Революційний,2050,547.0
Електроенергія,промисловість,Революційний,2012,5102.0
Електроенергія,промисловість,Революційний,2015,4065265.0
Електроенергія,промисловість,Революційний,2020,4921.0
Електроенергія,промисловість,Революційний,2025,4484.0
Електроенергія,промисловість,Революційний,2030,3320.0
Електроенергія,промисловість,Революційний,2035,3374.0
Електроенергія,промисловість,Революційний,2040,3116.0
Електроенергія,промисловість,Революційний,2045,3038.0
Електроенергія,промисловість,Революційний,2050,983.0
Газ,промисловість,Революційний,2012,5272.0
Газ,промисловість,Революційний,2015,2762.0
Газ,промисловість,Революційний,2020,2146.0
Газ,промисловість,Революційний,2025,2059.0
Газ,промисловість,Революційний,2030,1830.0
Газ,промисловість,Революційний,2035,1552.0
Газ,промисловість,Революційний,2040,1152.0
Газ,промисловість,Революційний,2045,776.0
Газ,промисловість,Революційний,2050,276.0
Теплова енергія,промисловість,Революційний,2012,4538.0
Теплова енергія,промисловість,Революційний,2015,2870.0
Теплова енергія,промисловість,Революційний,2020,3084.0
Теплова енергія,промисловість,Революційний,2025,2815.0
Теплова енергія,промисловість,Революційний,2030,2538.0
Теплова енергія,промисловість,Революційний,2035,2090.0
Теплова енергія,промисловість,Революційний,2040,1516.0
Теплова енергія,промисловість,Революційний,2045,1106.0
Теплова енергія,промисловість,Революційний,2050,503.0
Нафта та нафтопродукти,промисловість,Революційний,2012,1246.0
Нафта та нафтопродукти,промисловість,Революційний,2015,814.0
Нафта та нафтопродукти,промисловість,Революційний,2020,1055.0
Нафта та нафтопродукти,промисловість,Революційний,2025,891.0
Нафта та нафтопродукти,промисловість,Революційний,2030,774.0
Нафта та нафтопродукти,промисловість,Революційний,2035,676.0
Нафта та нафтопродукти,промисловість,Революційний,2040,909.0
Нафта та нафтопродукти,промисловість,Революційний,2045,223.0
Нафта та нафтопродукти,промисловість,Революційний,2050,
Біопаливо та відходи,населення,Революційний,2012,936.0
Біопаливо та відходи,населення,Революційний,2015,1097.0
Біопаливо та відходи,населення,Революційний,2020,430.0
Біопаливо та відходи,населення,Революційний,2025,319.0
Біопаливо та відходи,населення,Революційний,2030,225.0
Біопаливо та відходи,населення,Революційний,2035,137.0
Біопаливо та відходи,населення,Революційний,2040,39.0
Біопаливо та відходи,населення,Революційний,2045,0.0
Біопаливо та відходи,населення,Революційний,2050,0.0
Сонячна енергія,населення,Революційний,2012,0.0
Сонячна енергія,населення,Революційний,2015,0.0
Сонячна енергія,населення,Революційний,2020,0.0
Сонячна енергія,населення,Революційний,2025,163.0
Сонячна енергія,населення,Революційний,2030,642.0
Сонячна енергія,населення,Революційний,2035,1372.0
Сонячна енергія,населення,Революційний,2040,2265.0
Сонячна енергія,населення,Революційний,2045,3304.0
Сонячна енергія,населення,Революційний,2050,
Теплова енергія з ВДЕ,населення,Революційний,2012,5.0
Теплова енергія з ВДЕ,населення,Революційний,2015,10.0
Теплова енергія з ВДЕ,населення,Революційний,2020,399.0
Теплова енергія з ВДЕ,населення,Революційний,2025,734.0
Теплова енергія з ВДЕ,населення,Революційний,2030,1110.0
Теплова енергія з ВДЕ,населення,Революційний,2035,1739.0
Теплова енергія з ВДЕ,населення,Революційний,2040,2377.0
Теплова енергія з ВДЕ,населення,Революційний,2045,2980.0
Теплова енергія з ВДЕ,населення,Революційний,2050,3873.0
Електроенергія з ВДЕ,населення,Революційний,2012,198.0
Електроенергія з ВДЕ,населення,Революційний,2015,172.0
Електроенергія з ВДЕ,населення,Революційний,2020,512.0
Електроенергія з ВДЕ,населення,Революційний,2025,1145.0
Електроенергія з ВДЕ,населення,Революційний,2030,1782.0
Електроенергія з ВДЕ,населення,Революційний,2035,2251.0
Електроенергія з ВДЕ,населення,Революційний,2040,2990.0
Електроенергія з ВДЕ,населення,Революційний,2045,3763.0
Електроенергія з ВДЕ,населення,Революційний,2050,5309.0
Вугілля,населення,Революційний,2012,715.0
Вугілля,населення,Революційний,2015,303.0
Вугілля,населення,Революційний,2020,638.0
Вугілля,населення,Революційний,2025,578.0
Вугілля,населення,Революційний,2030,510.0
Вугілля,населення,Революційний,2035,395.0
Вугілля,населення,Революційний,2040,176.0
Вугілля,населення,Революційний,2045,109.0
Вугілля,населення,Революційний,2050,0.0
Електроенергія,населення,Революційний,2012,3105.0
Електроенергія,населення,Революційний,2015,3012.0
Електроенергія,населення,Революційний,2020,2645.0
Електроенергія,населення,Революційний,2025,1827.0
Електроенергія,населення,Революційний,2030,1299.0
Електроенергія,населення,Революційний,2035,1325.0
Електроенергія,населення,Революційний,2040,1259.0
Електроенергія,населення,Революційний,2045,1252.0
Електроенергія,населення,Революційний,2050,403.0
Газ,населення,Революційний,2012,13760.0
Газ,населення,Революційний,2015,9083.0
Газ,населення,Революційний,2020,10351.0
Газ,населення,Революційний,2025,9012.0
Газ,населення,Революційний,2030,6609.0
Газ,населення,Революційний,2035,5450.0
Газ,населення,Революційний,2040,4061.0
Газ,населення,Революційний,2045,1981.0
Газ,населення,Революційний,2050,0.0
Теплова енергія,населення,Революційний,2012,4677.0
Теплова енергія,населення,Революційний,2015,2864.0
Теплова енергія,населення,Революційний,2020,3572.0
Теплова енергія,населення,Революційний,2025,3378.0
Теплова енергія,населення,Революційний,2030,3471.0
Теплова енергія,населення,Революційний,2035,2867.0
Теплова енергія,населення,Революційний,2040,2129.0
Теплова енергія,населення,Революційний,2045,1689.0
Теплова енергія,населення,Революційний,2050,834.0
Нафта та нафтопродукти,населення,Революційний,2012,71.0
Нафта та нафтопродукти,населення,Революційний,2015,14.0
Нафта та нафтопродукти,населення,Революційний,2020,22.0
Нафта та нафтопродукти,населення,Революційний,2025,0.0
Нафта та нафтопродукти,населення,Революційний,2030,0.0
Нафта та нафтопродукти,населення,Революційний,2035,0.0
Нафта та нафтопродукти,населення,Революційний,2040,0.0
Нафта та нафтопродукти,населення,Революційний,2045,0.0
Нафта та нафтопродукти,населення,Революційний,2050,0.0
Біопаливо та відходи,транспорт,Революційний,2012,0.0
Біопаливо та відходи,транспорт,Революційний,2015,34.0
Біопаливо та відходи,транспорт,Революційний,2020,950.0
Біопаливо та відходи,транспорт,Революційний,2025,2207.0
Біопаливо та відходи,транспорт,Революційний,2030,3169.0
Біопаливо та відходи,транспорт,Революційний,2035,3521.0
Біопаливо та відходи,транспорт,Революційний,2040,3663.0
Біопаливо та відходи,транспорт,Революційний,2045,3306.0
Біопаливо та відходи,транспорт,Революційний,2050,3787.0
Електроенергія з ВДЕ,транспорт,Революційний,2012,48.0
Електроенергія з ВДЕ,транспорт,Революційний,2015,32.0
Електроенергія з ВДЕ,транспорт,Революційний,2020,120.0
Електроенергія з ВДЕ,транспорт,Революційний,2025,363.0
Електроенергія з ВДЕ,транспорт,Революційний,2030,724.0
Електроенергія з ВДЕ,транспорт,Революційний,2035,1098.0
Електроенергія з ВДЕ,транспорт,Революційний,2040,1632.0
Електроенергія з ВДЕ,транспорт,Революційний,2045,2251.0
Електроенергія з ВДЕ,транспорт,Революційний,2050,3346.0
Вугілля,транспорт,Революційний,2012,12.0
Вугілля,транспорт,Революційний,2015,4.0
Вугілля,транспорт,Революційний,2020,11.0
Вугілля,транспорт,Революційний,2025,11.0
Вугілля,транспорт,Революційний,2030,12.0
Вугілля,транспорт,Революційний,2035,12.0
Вугілля,транспорт,Революційний,2040,10.0
Вугілля,транспорт,Революційний,2045,5.0
Вугілля,транспорт,Революційний,2050,0.0
Електроенергія,транспорт,Революційний,2012,750.0
Електроенергія,транспорт,Революційний,2015,553.0
Електроенергія,транспорт,Революційний,2020,620.0
Електроенергія,транспорт,Революційний,2025,580.0
Електроенергія,транспорт,Революційний,2030,528.0
Електроенергія,транспорт,Революційний,2035,647.0
Електроенергія,транспорт,Революційний,2040,687.0
Електроенергія,транспорт,Революційний,2045,749.0
Електроенергія,транспорт,Революційний,2050,254.0
Газ,транспорт,Революційний,2012,2050.0
Газ,транспорт,Революційний,2015,1572.0
Газ,транспорт,Революційний,2020,1250.0
Газ,транспорт,Революційний,2025,670.0
Газ,транспорт,Революційний,2030,220.0
Газ,транспорт,Революційний,2035,214.0
Газ,транспорт,Революційний,2040,1191.0
Газ,транспорт,Революційний,2045,1522.0
Газ,транспорт,Революційний,2050,0.1
Нафта та нафтопродукти,транспорт,Революційний,2012,8588.0
Нафта та нафтопродукти,транспорт,Революційний,2015,6554.0
Нафта та нафтопродукти,транспорт,Революційний,2020,7818.0
Нафта та нафтопродукти,транспорт,Революційний,2025,6924.0
Нафта та нафтопродукти,транспорт,Революційний,2030,5613.0
Нафта та нафтопродукти,транспорт,Революційний,2035,4426.0
Нафта та нафтопродукти,транспорт,Революційний,2040,2684.0
Нафта та нафтопродукти,транспорт,Революційний,2045,1199.0
Нафта та нафтопродукти,транспорт,Революційний,2050,3.0
Біопаливо та відходи,сфера послуг,Революційний,2012,27.0
Біопаливо та відходи,сфера послуг,Революційний,2015,46.0
Біопаливо та відходи,сфера послуг,Революційний,2020,311.0
Біопаливо та відходи,сфера послуг,Революційний,2025,218.0
Біопаливо та відходи,сфера послуг,Революційний,2030,313.0
Біопаливо та відходи,сфера послуг,Революційний,2035,440.0
Біопаливо та відходи,сфера послуг,Революційний,2040,391.0
Біопаливо та відходи,сфера послуг,Революційний,2045,180.0
Біопаливо та відходи,сфера послуг,Революційний,2050,80.0
Сонячна енергія,сфера послуг,Революційний,2012,0.0
Сонячна енергія,сфера послуг,Революційний,2015,0.0
Сонячна енергія,сфера послуг,Революційний,2020,0.0
Сонячна енергія,сфера послуг,Революційний,2025,0.0
Сонячна енергія,сфера послуг,Революційний,2030,0.0
Сонячна енергія,сфера послуг,Революційний,2035,14.0
Сонячна енергія,сфера послуг,Революційний,2040,118.0
Сонячна енергія,сфера послуг,Революційний,2045,525.0
Сонячна енергія,сфера послуг,Революційний,2050,1012.0
Теплова енергія з ВДЕ,сфера послуг,Революційний,2012,2.0
Теплова енергія з ВДЕ,сфера послуг,Революційний,2015,5.0
Теплова енергія з ВДЕ,сфера послуг,Революційний,2020,236.0
Теплова енергія з ВДЕ,сфера послуг,Революційний,2025,411.0
Теплова енергія з ВДЕ,сфера послуг,Революційний,2030,545.0
Теплова енергія з ВДЕ,сфера послуг,Революційний,2035,747.0
Теплова енергія з ВДЕ,сфера послуг,Революційний,2040,901.0
Теплова енергія з ВДЕ,сфера послуг,Революційний,2045,897.0
Теплова енергія з ВДЕ,сфера послуг,Революційний,2050,850.0
Електроенергія з ВДЕ,сфера послуг,Революційний,2012,119.0
Електроенергія з ВДЕ,сфера послуг,Революційний,2015,101.0
Електроенергія з ВДЕ,сфера послуг,Революційний,2020,293.0
Електроенергія з ВДЕ,сфера послуг,Революційний,2025,806.0
Електроенергія з ВДЕ,сфера послуг,Революційний,2030,1387.0
Електроенергія з ВДЕ,сфера послуг,Революційний,2035,1642.0
Електроенергія з ВДЕ,сфера послуг,Революційний,2040,2018.0
Електроенергія з ВДЕ,сфера послуг,Революційний,2045,2410.0
Електроенергія з ВДЕ,сфера послуг,Революційний,2050,3252.0
Вугілля,сфера послуг,Революційний,2012,161.0
Вугілля,сфера послуг,Революційний,2015,67.0
Вугілля,сфера послуг,Революційний,2020,164.0
Вугілля,сфера послуг,Революційний,2025,130.0
Вугілля,сфера послуг,Революційний,2030,67.0
Вугілля,сфера послуг,Революційний,2035,100.0
Вугілля,сфера послуг,Революційний,2040,79.0
Вугілля,сфера послуг,Революційний,2045,72.0
Вугілля,сфера послуг,Революційний,2050,74.0
Газ,сфера послуг,Революційний,2012,463.0
Газ,сфера послуг,Революційний,2015,195.0
Газ,сфера послуг,Революційний,2020,542.0
Газ,сфера послуг,Революційний,2025,488.0
Газ,сфера послуг,Революційний,2030,388.0
Газ,сфера послуг,Революційний,2035,295.0
Газ,сфера послуг,Революційний,2040,267.0
Газ,сфера послуг,Революційний,2045,233.0
Газ,сфера послуг,Революційний,2050,184.0
Нафта та нафтопродукти,сфера послуг,Революційний,2012,78.0
Нафта та нафтопродукти,сфера послуг,Революційний,2015,92.0
Нафта та нафтопродукти,сфера послуг,Революційний,2020,60.0
Нафта та нафтопродукти,сфера послуг,Революційний,2025,28.0
Нафта та нафтопродукти,сфера послуг,Революційний,2030,0.0
Нафта та нафтопродукти,сфера послуг,Революційний,2035,0.0
Нафта та нафтопродукти,сфера послуг,Революційний,2040,2.0
Нафта та нафтопродукти,сфера послуг,Революційний,2045,0.0
Нафта та нафтопродукти,сфера послуг,Революційний,2050,0.0
Теплова енергія,сфера послуг,Революційний,2012,2326.0
Теплова енергія,сфера послуг,Революційний,2015,1555.0
Теплова енергія,сфера послуг,Революційний,2020,2117.0
Теплова енергія,сфера послуг,Революційний,2025,1892.0
Теплова енергія,сфера послуг,Революційний,2030,1704.0
Теплова енергія,сфера послуг,Революційний,2035,1231.0
Теплова енергія,сфера послуг,Революційний,2040,807.0
Теплова енергія,сфера послуг,Революційний,2045,508.0
Теплова енергія,сфера послуг,Революційний,2050,183.0
Електроенергія,сфера послуг,Революційний,2012,1861.0
Електроенергія,сфера послуг,Революційний,2015,1777.0
Електроенергія,сфера послуг,Революційний,2020,1513.0
Електроенергія,сфера послуг,Революційний,2025,1286.0
Електроенергія,сфера послуг,Революційний,2030,1011.0
Електроенергія,сфера послуг,Революційний,2035,967.0
Електроенергія,сфера послуг,Революційний,2040,849.0
Електроенергія,сфера послуг,Революційний,2045,802.0
Електроенергія,сфера послуг,Революційний,2050,247.0
Біопаливо та відходи,сільське господарство,Революційний,2012,20.0
Біопаливо та відходи,сільське господарство,Революційний,2015,19.0
Біопаливо та відходи,сільське господарство,Революційний,2020,112.0
Біопаливо та відходи,сільське господарство,Революційний,2025,404.0
Біопаливо та відходи,сільське господарство,Революційний,2030,739.0
Біопаливо та відходи,сільське господарство,Революційний,2035,1119.0
Біопаливо та відходи,сільське господарство,Революційний,2040,1491.0
Біопаливо та відходи,сільське господарство,Революційний,2045,1845.0
Біопаливо та відходи,сільське господарство,Революційний,2050,2232.0
Сонячна енергія,сільське господарство,Революційний,2012,0.0
Сонячна енергія,сільське господарство,Революційний,2015,0.0
Сонячна енергія,сільське господарство,Революційний,2020,0.0
Сонячна енергія,сільське господарство,Революційний,2025,0.0
Сонячна енергія,сільське господарство,Революційний,2030,0.0
Сонячна енергія,сільське господарство,Революційний,2035,0.0
Сонячна енергія,сільське господарство,Революційний,2040,0.0
Сонячна енергія,сільське господарство,Революційний,2045,0.0
Сонячна енергія,сільське господарство,Революційний,2050,0.0
Теплова енергія з ВДЕ,сільське господарство,Революційний,2012,0.3
Теплова енергія з ВДЕ,сільське господарство,Революційний,2015,1.0
Теплова енергія з ВДЕ,сільське господарство,Революційний,2020,30.0
Теплова енергія з ВДЕ,сільське господарство,Революційний,2025,59.0
Теплова енергія з ВДЕ,сільське господарство,Революційний,2030,88.0
Теплова енергія з ВДЕ,сільське господарство,Революційний,2035,150.0
Теплова енергія з ВДЕ,сільське господарство,Революційний,2040,226.0
Теплова енергія з ВДЕ,сільське господарство,Революційний,2045,288.0
Теплова енергія з ВДЕ,сільське господарство,Революційний,2050,388.0
Електроенергія з ВДЕ,сільське господарство,Революційний,2012,20.0
Електроенергія з ВДЕ,сільське господарство,Революційний,2015,16.0
Електроенергія з ВДЕ,сільське господарство,Революційний,2020,49.0
Електроенергія з ВДЕ,сільське господарство,Революційний,2025,127.0
Електроенергія з ВДЕ,сільське господарство,Революційний,2030,208.0
Електроенергія з ВДЕ,сільське господарство,Революційний,2035,245.0
Електроенергія з ВДЕ,сільське господарство,Революційний,2040,293.0
Електроенергія з ВДЕ,сільське господарство,Революційний,2045,327.0
Електроенергія з ВДЕ,сільське господарство,Революційний,2050,439.0
Вугілля,сільське господарство,Революційний,2012,14.0
Вугілля,сільське господарство,Революційний,2015,9.0
Вугілля,сільське господарство,Революційний,2020,13.0
Вугілля,сільське господарство,Революційний,2025,7.0
Вугілля,сільське господарство,Революційний,2030,4.0
Вугілля,сільське господарство,Революційний,2035,2.0
Вугілля,сільське господарство,Революційний,2040,1.0
Вугілля,сільське господарство,Революційний,2045,1.0
Вугілля,сільське господарство,Революційний,2050,0.0
Електроенергія,сільське господарство,Революційний,2012,312.0
Електроенергія,сільське господарство,Революційний,2015,273.0
Електроенергія,сільське господарство,Революційний,2020,251.0
Електроенергія,сільське господарство,Революційний,2025,203.0
Електроенергія,сільське господарство,Революційний,2030,152.0
Електроенергія,сільське господарство,Революційний,2035,144.0
Електроенергія,сільське господарство,Революційний,2040,123.0
Електроенергія,сільське господарство,Революційний,2045,109.0
Електроенергія,сільське господарство,Революційний,2050,33.0
Газ,сільське господарство,Революційний,2012,153.0
Газ,сільське господарство,Революційний,2015,129.0
Газ,сільське господарство,Революційний,2020,128.0
Газ,сільське господарство,Революційний,2025,125.0
Газ,сільське господарство,Революційний,2030,120.0
Газ,сільське господарство,Революційний,2035,104.0
Газ,сільське господарство,Революційний,2040,77.0
Газ,сільське господарство,Революційний,2045,51.0
Газ,сільське господарство,Революційний,2050,0.0
Теплова енергія,сільське господарство,Революційний,2012,312.0
Теплова енергія,сільське господарство,Революційний,2015,211.0
Теплова енергія,сільське господарство,Революційний,2020,272.0
Теплова енергія,сільське господарство,Революційний,2025,274.0
Теплова енергія,сільське господарство,Революційний,2030,275.0
Теплова енергія,сільське господарство,Революційний,2035,247.0
Теплова енергія,сільське господарство,Революційний,2040,202.0
Теплова енергія,сільське господарство,Революційний,2045,163.0
Теплова енергія,сільське господарство,Революційний,2050,84.0
Нафта та нафтопродукти,сільське господарство,Революційний,2012,1364.0
Нафта та нафтопродукти,сільське господарство,Революційний,2015,1302.0
Нафта та нафтопродукти,сільське господарство,Революційний,2020,1286.0
Нафта та нафтопродукти,сільське господарство,Революційний,2025,1146.0
Нафта та нафтопродукти,сільське господарство,Революційний,2030,974.0
Нафта та нафтопродукти,сільське господарство,Революційний,2035,771.0
Нафта та нафтопродукти,сільське господарство,Революційний,2040,536.0
Нафта та нафтопродукти,сільське господарство,Революційний,2045,285.0
Нафта та нафтопродукти,сільське господарство,Революційний,2050,0.0
Біопаливо та відходи,загалом,Базовий,2012,1029.0
Біопаливо та відходи,загалом,Базовий,2015,1282.0
Біопаливо та відходи,загалом,Базовий,2020,1428.0
Біопаливо та відходи,загалом,Базовий,2025,1606.0
Біопаливо та відходи,загалом,Базовий,2030,1497.0
Біопаливо та відходи,загалом,Базовий,2035,1736.0
Біопаливо та відходи,загалом,Базовий,2040,2032.0
Біопаливо та відходи,загалом,Базовий,2045,2525.0
Біопаливо та відходи,загалом,Базовий,2050,3039.0
Біопаливо та відходи,загалом,Ліберальний,2012,1029.0
Біопаливо та відходи,загалом,Ліберальний,2015,1282.0
Біопаливо та відходи,загалом,Ліберальний,2020,1051.0
Біопаливо та відходи,загалом,Ліберальний,2025,1056.0
Біопаливо та відходи,загалом,Ліберальний,2030,855.0
Біопаливо та відходи,загалом,Ліберальний,2035,1012.0
Біопаливо та відходи,загалом,Ліберальний,2040,1411.0
Біопаливо та відходи,загалом,Ліберальний,2045,1879.0
Біопаливо та відходи,загалом,Ліберальний,2050,3630.0
Біопаливо та відходи,загалом,Революційний,2012,1029.0
Біопаливо та відходи,загалом,Революційний,2015,1282.0
Біопаливо та відходи,загалом,Революційний,2020,1891.0
Біопаливо та відходи,загалом,Революційний,2025,3318.0
Біопаливо та відходи,загалом,Революційний,2030,4724.0
Біопаливо та відходи,загалом,Революційний,2035,5695.0
Біопаливо та відходи,загалом,Революційний,2040,6264.0
Біопаливо та відходи,загалом,Революційний,2045,6220.0
Біопаливо та відходи,загалом,Революційний,2050,7334.0
Вугілля,загалом,Базовий,2012,9212.0
Вугілля,загалом,Базовий,2015,5952.0
Вугілля,загалом,Базовий,2020,6335.0
Вугілля,загалом,Базовий,2025,7658.0
Вугілля,загалом,Базовий,2030,8568.0
Вугілля,загалом,Базовий,2035,9674.0
Вугілля,загалом,Базовий,2040,10603.0
Вугілля,загалом,Базовий,2045,11392.0
Вугілля,загалом,Базовий,2050,12033.0
Вугілля,загалом,Ліберальний,2012,9212.0
Вугілля,загалом,Ліберальний,2015,5952.0
Вугілля,загалом,Ліберальний,2020,6278.0
Вугілля,загалом,Ліберальний,2025,7370.0
Вугілля,загалом,Ліберальний,2030,7975.0
Вугілля,загалом,Ліберальний,2035,8850.0
Вугілля,загалом,Ліберальний,2040,9587.0
Вугілля,загалом,Ліберальний,2045,10222.0
Вугілля,загалом,Ліберальний,2050,10661.0
Вугілля,загалом,Революційний,2012,9212.0
Вугілля,загалом,Революційний,2015,5952.0
Вугілля,загалом,Революційний,2020,6270.0
Вугілля,загалом,Революційний,2025,6301.0
Вугілля,загалом,Революційний,2030,6032.0
Вугілля,загалом,Революційний,2035,5419.0
Вугілля,загалом,Революційний,2040,4005.0
Вугілля,загалом,Революційний,2045,2790.0
Вугілля,загалом,Революційний,2050,621.0
Газ,загалом,Базовий,2012,21698.0
Газ,загалом,Базовий,2015,13741.0
Газ,загалом,Базовий,2020,15998.0
Газ,загалом,Базовий,2025,16922.0
Газ,загалом,Базовий,2030,17513.0
Газ,загалом,Базовий,2035,18518.0
Газ,загалом,Базовий,2040,19486.0
Газ,загалом,Базовий,2045,20285.0
Газ,загалом,Базовий,2050,20578.0
Газ,загалом,Ліберальний,2012,21698.0
Газ,загалом,Ліберальний,2015,13741.0
Газ,загалом,Ліберальний,2020,14804.0
Газ,загалом,Ліберальний,2025,14223.0
Газ,загалом,Ліберальний,2030,12585.0
Газ,загалом,Ліберальний,2035,12681.0
Газ,загалом,Ліберальний,2040,11887.0
Газ,загалом,Ліберальний,2045,10061.0
Газ,загалом,Ліберальний,2050,9567.0
Газ,загалом,Революційний,2012,21698.0
Газ,загалом,Революційний,2015,13741.0
Газ,загалом,Революційний,2020,14417.0
Газ,загалом,Революційний,2025,12354.0
Газ,загалом,Революційний,2030,9167.0
Газ,загалом,Революційний,2035,7615.0
Газ,загалом,Революційний,2040,6748.0
Газ,загалом,Революційний,2045,4563.0
Газ,загалом,Революційний,2050,460.1
Електроенергія,загалом,Базовий,2012,11131.0
Електроенергія,загалом,Базовий,2015,9696.0
Електроенергія,загалом,Базовий,2020,11793.0
Електроенергія,загалом,Базовий,2025,13682.0
Електроенергія,загалом,Базовий,2030,15144.0
Електроенергія,загалом,Базовий,2035,16728.0
Електроенергія,загалом,Базовий,2040,17921.0
Електроенергія,загалом,Базовий,2045,18605.0
Електроенергія,загалом,Базовий,2050,18991.0
Електроенергія,загалом,Ліберальний,2012,11130.0
Електроенергія,загалом,Ліберальний,2015,9680.0
Електроенергія,загалом,Ліберальний,2020,10080.0
Електроенергія,загалом,Ліберальний,2025,9722.0
Електроенергія,загалом,Ліберальний,2030,9014.0
Електроенергія,загалом,Ліберальний,2035,9285.0
Електроенергія,загалом,Ліберальний,2040,9599.0
Електроенергія,загалом,Ліберальний,2045,9819.0
Електроенергія,загалом,Ліберальний,2050,9666.0
Електроенергія,загалом,Революційний,2012,11130.0
Електроенергія,загалом,Революційний,2015,4070880.0
Електроенергія,загалом,Революційний,2020,9950.0
Електроенергія,загалом,Революційний,2025,8380.0
Електроенергія,загалом,Революційний,2030,6310.0
Електроенергія,загалом,Революційний,2035,6457.0
Електроенергія,загалом,Революційний,2040,6034.0
Електроенергія,загалом,Революційний,2045,5950.0
Електроенергія,загалом,Революційний,2050,1920.0
Електроенергія з ВДЕ,загалом,Базовий,2012,709.0
Електроенергія з ВДЕ,загалом,Базовий,2015,553.0
Електроенергія з ВДЕ,загалом,Базовий,2020,929.0
Електроенергія з ВДЕ,загалом,Базовий,2025,1137.0
Електроенергія з ВДЕ,загалом,Базовий,2030,1258.0
Електроенергія з ВДЕ,загалом,Базовий,2035,1293.0
Електроенергія з ВДЕ,загалом,Базовий,2040,1279.0
Електроенергія з ВДЕ,загалом,Базовий,2045,1286.0
Електроенергія з ВДЕ,загалом,Базовий,2050,1321.0
Електроенергія з ВДЕ,загалом,Ліберальний,2012,710.0
Електроенергія з ВДЕ,загалом,Ліберальний,2015,553.0
Електроенергія з ВДЕ,загалом,Ліберальний,2020,1732.0
Електроенергія з ВДЕ,загалом,Ліберальний,2025,2563.0
Електроенергія з ВДЕ,загалом,Ліберальний,2030,3447.0
Електроенергія з ВДЕ,загалом,Ліберальний,2035,4510.0
Електроенергія з ВДЕ,загалом,Ліберальний,2040,5638.0
Електроенергія з ВДЕ,загалом,Ліберальний,2045,6787.0
Електроенергія з ВДЕ,загалом,Ліберальний,2050,7817.0
Електроенергія з ВДЕ,загалом,Революційний,2012,710.0
Електроенергія з ВДЕ,загалом,Революційний,2015,553.0
Електроенергія з ВДЕ,загалом,Революційний,2020,1926.0
Електроенергія з ВДЕ,загалом,Революційний,2025,5252.0
Електроенергія з ВДЕ,загалом,Революційний,2030,8655.0
Електроенергія з ВДЕ,загалом,Революційний,2035,10964.0
Електроенергія з ВДЕ,загалом,Революційний,2040,14334.0
Електроенергія з ВДЕ,загалом,Революційний,2045,17883.0
Електроенергія з ВДЕ,загалом,Революційний,2050,25292.0
Нафта та нафтопродукти,загалом,Базовий,2012,11347.0
Нафта та нафтопродукти,загалом,Базовий,2015,8776.0
Нафта та нафтопродукти,загалом,Базовий,2020,11075.0
Нафта та нафтопродукти,загалом,Базовий,2025,12163.0
Нафта та нафтопродукти,загалом,Базовий,2030,13234.0
Нафта та нафтопродукти,загалом,Базовий,2035,14242.0
Нафта та нафтопродукти,загалом,Базовий,2040,14913.0
Нафта та нафтопродукти,загалом,Базовий,2045,15433.0
Нафта та нафтопродукти,загалом,Базовий,2050,15891.0
Нафта та нафтопродукти,загалом,Ліберальний,2012,11347.0
Нафта та нафтопродукти,загалом,Ліберальний,2015,8776.0
Нафта та нафтопродукти,загалом,Ліберальний,2020,10620.0
Нафта та нафтопродукти,загалом,Ліберальний,2025,10922.0
Нафта та нафтопродукти,загалом,Ліберальний,2030,11591.0
Нафта та нафтопродукти,загалом,Ліберальний,2035,11688.0
Нафта та нафтопродукти,загалом,Ліберальний,2040,10749.0
Нафта та нафтопродукти,загалом,Ліберальний,2045,9599.0
Нафта та нафтопродукти,загалом,Ліберальний,2050,7750.0
Нафта та нафтопродукти,загалом,Революційний,2012,11347.0
Нафта та нафтопродукти,загалом,Революційний,2015,8776.0
Нафта та нафтопродукти,загалом,Революційний,2020,10241.0
Нафта та нафтопродукти,загалом,Революційний,2025,8989.0
Нафта та нафтопродукти,загалом,Революційний,2030,7361.0
Нафта та нафтопродукти,загалом,Революційний,2035,5873.0
Нафта та нафтопродукти,загалом,Революційний,2040,4131.0
Нафта та нафтопродукти,загалом,Революційний,2045,1707.0
Нафта та нафтопродукти,загалом,Революційний,2050,3.0
Сонячна енергія,загалом,Ліберальний,2012,0.0
Сонячна енергія,загалом,Ліберальний,2015,0.0
Сонячна енергія,загалом,Ліберальний,2020,0.0
Сонячна енергія,загалом,Ліберальний,2025,0.0
Сонячна енергія,загалом,Ліберальний,2030,0.0
Сонячна енергія,загалом,Ліберальний,2035,279.0
Сонячна енергія,загалом,Ліберальний,2040,1491.0
Сонячна енергія,загалом,Ліберальний,2045,3414.0
Сонячна енергія,загалом,Ліберальний,2050,5396.0
Сонячна енергія,загалом,Революційний,2012,0.0
Сонячна енергія,загалом,Революційний,2015,0.0
Сонячна енергія,загалом,Революційний,2020,0.0
Сонячна енергія,загалом,Революційний,2025,163.0
Сонячна енергія,загалом,Революційний,2030,642.0
Сонячна енергія,загалом,Революційний,2035,1386.0
Сонячна енергія,загалом,Революційний,2040,2383.0
Сонячна енергія,загалом,Революційний,2045,3829.0
Сонячна енергія,загалом,Революційний,2050,1012.0
Теплова енергія,загалом,Базовий,2012,11853.0
Теплова енергія,загалом,Базовий,2015,7500.0
Теплова енергія,загалом,Базовий,2020,10149.0
Теплова енергія,загалом,Базовий,2025,10593.0
Теплова енергія,загалом,Базовий,2030,11138.0
Теплова енергія,загалом,Базовий,2035,11707.0
Теплова енергія,загалом,Базовий,2040,12124.0
Теплова енергія,загалом,Базовий,2045,12583.0
Теплова енергія,загалом,Базовий,2050,13050.0
Теплова енергія,загалом,Ліберальний,2012,11853.0
Теплова енергія,загалом,Ліберальний,2015,7500.0
Теплова енергія,загалом,Ліберальний,2020,9174.0
Теплова енергія,загалом,Ліберальний,2025,8712.0
Теплова енергія,загалом,Ліберальний,2030,8230.0
Теплова енергія,загалом,Ліберальний,2035,7216.0
Теплова енергія,загалом,Ліберальний,2040,6036.0
Теплова енергія,загалом,Ліберальний,2045,5304.0
Теплова енергія,загалом,Ліберальний,2050,4338.0
Теплова енергія,загалом,Революційний,2012,11853.0
Теплова енергія,загалом,Революційний,2015,7500.0
Теплова енергія,загалом,Революційний,2020,9045.0
Теплова енергія,загалом,Революційний,2025,8359.0
Теплова енергія,загалом,Революційний,2030,7988.0
Теплова енергія,загалом,Революційний,2035,6435.0
Теплова енергія,загалом,Революційний,2040,4654.0
Теплова енергія,загалом,Революційний,2045,3466.0
Теплова енергія,загалом,Революційний,2050,1604.0
Теплова енергія з ВДЕ,загалом,Базовий,2012,12.0
Теплова енергія з ВДЕ,загалом,Базовий,2015,26.0
Теплова енергія з ВДЕ,загалом,Базовий,2020,115.0
Теплова енергія з ВДЕ,загалом,Базовий,2025,129.0
Теплова енергія з ВДЕ,загалом,Базовий,2030,147.0
Теплова енергія з ВДЕ,загалом,Базовий,2035,170.0
Теплова енергія з ВДЕ,загалом,Базовий,2040,184.0
Теплова енергія з ВДЕ,загалом,Базовий,2045,209.0
Теплова енергія з ВДЕ,загалом,Базовий,2050,232.0
Теплова енергія з ВДЕ,загалом,Ліберальний,2012,12.0
Теплова енергія з ВДЕ,загалом,Ліберальний,2015,26.0
Теплова енергія з ВДЕ,загалом,Ліберальний,2020,811.0
Теплова енергія з ВДЕ,загалом,Ліберальний,2025,958.0
Теплова енергія з ВДЕ,загалом,Ліберальний,2030,1106.0
Теплова енергія з ВДЕ,загалом,Ліберальний,2035,1521.0
Теплова енергія з ВДЕ,загалом,Ліберальний,2040,1727.0
Теплова енергія з ВДЕ,загалом,Ліберальний,2045,1675.0
Теплова енергія з ВДЕ,загалом,Ліберальний,2050,1835.0
Теплова енергія з ВДЕ,загалом,Революційний,2012,12.3
Теплова енергія з ВДЕ,загалом,Революційний,2015,26.0
Теплова енергія з ВДЕ,загалом,Революційний,2020,1009.0
Теплова енергія з ВДЕ,загалом,Революційний,2025,1815.0
Теплова енергія з ВДЕ,загалом,Революційний,2030,2555.0
Теплова енергія з ВДЕ,загалом,Революційний,2035,3904.0
Теплова енергія з ВДЕ,загалом,Революційний,2040,5197.0
Теплова енергія з ВДЕ,загалом,Революційний,2045,6118.0
Теплова енергія з ВДЕ,загалом,Революційний,2050,7446.0
